kind	category	id	zh	en	player_source	player_anchor	mechanics_source	source_sha256	player_url	mechanics_url
current-talent	閃擊	ogryn_box_explodes	投彈完畢！	Bombs Away!	Game Info/releases/1.13.X/skills/talents/Ogryn/README.md	ogryn_box_explodes	Game Info/releases/1.13.X/skills/talents/Ogryn/ogryn_box_explodes.md	b20724ef4851e6d0361df5d34816d7e9a779db15bc16218ffca579fa5fc84e5b	/darktide/skills/ogryn/bombs-away/	/darktide/skills/ogryn/bombs-away/mechanics/
current-talent	閃擊	ogryn_grenade_frag	破片炸彈	Frag Bomb	Game Info/releases/1.13.X/skills/talents/Ogryn/README.md	ogryn_grenade_frag	Game Info/releases/1.13.X/skills/talents/Ogryn/ogryn_grenade_frag.md	f6d3e34336d32ef1d26717e814a18a77be27f4a854939f8beac81ef4f431a126	/darktide/skills/ogryn/frag-bomb/	/darktide/skills/ogryn/frag-bomb/mechanics/
current-talent	閃擊	ogryn_grenade_friend_rock	投石問路	Big Friendly Rock	Game Info/releases/1.13.X/skills/talents/Ogryn/README.md	ogryn_grenade_friend_rock	Game Info/releases/1.13.X/skills/talents/Ogryn/ogryn_grenade_friend_rock.md	bac25f8330eee43bcf751ecc8cc56d46f062352be6c2ef15e4ae74a1de4ee35d	/darktide/skills/ogryn/big-friendly-rock/	/darktide/skills/ogryn/big-friendly-rock/mechanics/
current-talent	閃擊	ogryn_replenish_rock_on_miss	那下不算！	That One Didn't Count	Game Info/releases/1.13.X/skills/talents/Ogryn/README.md	ogryn_replenish_rock_on_miss	Game Info/releases/1.13.X/skills/talents/Ogryn/ogryn_replenish_rock_on_miss.md	e696e84490933da411ad5e0741eb771254f57af4111caf32980a93562046b536	/darktide/skills/ogryn/that-one-didnt-count/	/darktide/skills/ogryn/that-one-didnt-count/mechanics/
current-talent	閃擊	ogryn_big_box_of_hurt_more_bombs	超巨量傷害箱	Bigger Box of Hurt	Game Info/releases/1.13.X/skills/talents/Ogryn/README.md	ogryn_big_box_of_hurt_more_bombs	Game Info/releases/1.13.X/skills/talents/Ogryn/ogryn_big_box_of_hurt_more_bombs.md	aa03a635947166553415fa6319ffbb11a30d84a2c09e74398a92b90af7646fc0	/darktide/skills/ogryn/bigger-box-of-hurt/	/darktide/skills/ogryn/bigger-box-of-hurt/mechanics/
current-talent	光環	ogryn_melee_damage_coherency_improved	破骨者之環	Bonebreaker's Aura	Game Info/releases/1.13.X/skills/talents/Ogryn/README.md	ogryn_melee_damage_coherency_improved	Game Info/releases/1.13.X/skills/talents/Ogryn/ogryn_melee_damage_coherency_improved.md	21a8736222ee39548474af924bd2b2c8934e0ea1868906df27aa33e8c04a0744	/darktide/skills/ogryn/bonebreakers-aura/	/darktide/skills/ogryn/bonebreakers-aura/mechanics/
current-talent	光環	ogryn_damage_vs_suppressed_coherency	優勝劣汰	Coward Culling	Game Info/releases/1.13.X/skills/talents/Ogryn/README.md	ogryn_damage_vs_suppressed_coherency	Game Info/releases/1.13.X/skills/talents/Ogryn/ogryn_damage_vs_suppressed_coherency.md	6e26223b810cb15106ca2254b087d717d05ad7b2487e2fa329fab0827e8a820d	/darktide/skills/ogryn/coward-culling/	/darktide/skills/ogryn/coward-culling/mechanics/
current-talent	光環	ogryn_toughness_regen_aura	跟緊我！	Stay Close!	Game Info/releases/1.13.X/skills/talents/Ogryn/README.md	ogryn_toughness_regen_aura	Game Info/releases/1.13.X/skills/talents/Ogryn/ogryn_toughness_regen_aura.md	bb466df4749b415cff99e99849429953c77b3ac5003eeb2c5a353867a48c1ee6	/darktide/skills/ogryn/stay-close/	/darktide/skills/ogryn/stay-close/mechanics/
current-talent	能力	ogryn_taunt_shout	忠誠守護者	Loyal Protector	Game Info/releases/1.13.X/skills/talents/Ogryn/README.md	ogryn_taunt_shout	Game Info/releases/1.13.X/skills/talents/Ogryn/ogryn_taunt_shout.md	7e032f2aadc9e25c88ad107d776f004019c7d2aa72815573cf9322bf025046a3	/darktide/skills/ogryn/loyal-protector/	/darktide/skills/ogryn/loyal-protector/mechanics/
current-talent	能力	ogryn_longer_charge	不屈不撓	Indomitable	Game Info/releases/1.13.X/skills/talents/Ogryn/README.md	ogryn_longer_charge	Game Info/releases/1.13.X/skills/talents/Ogryn/ogryn_longer_charge.md	7989325e47032511dc5f4555c2924d010e2ffd0947ed0e45bf83c70cf6e38ac9	/darktide/skills/ogryn/indomitable/	/darktide/skills/ogryn/indomitable/mechanics/
current-talent	能力	ogryn_special_ammo	貼身火力	Point-Blank Barrage	Game Info/releases/1.13.X/skills/talents/Ogryn/README.md	ogryn_special_ammo	Game Info/releases/1.13.X/skills/talents/Ogryn/ogryn_special_ammo.md	1899a5d74566ae33f7c16a048eb894b6049afd632b0cfb31a569b4c1909d5dc7	/darktide/skills/ogryn/point-blank-barrage/	/darktide/skills/ogryn/point-blank-barrage/mechanics/
current-talent	能力	ogryn_charge_toughness	跺殺之靴	Stomping Boots	Game Info/releases/1.13.X/skills/talents/Ogryn/README.md	ogryn_charge_toughness	Game Info/releases/1.13.X/skills/talents/Ogryn/ogryn_charge_toughness.md	edfcb7ccbb64465958c2fd852583a13359bfdee499f62f1ad4175dfc9c1470c2	/darktide/skills/ogryn/stomping-boots/	/darktide/skills/ogryn/stomping-boots/mechanics/
current-talent	能力	ogryn_charge_applies_bleed	粉碎	Pulverise	Game Info/releases/1.13.X/skills/talents/Ogryn/README.md	ogryn_charge_applies_bleed	Game Info/releases/1.13.X/skills/talents/Ogryn/ogryn_charge_applies_bleed.md	6ebf095e334636a362050a3aa72709c609a20ed550e82f6b535003abc857f026	/darktide/skills/ogryn/pulverise/	/darktide/skills/ogryn/pulverise/mechanics/
current-talent	能力	ogryn_taunt_staggers_reduce_cooldown	再來	Go Again!	Game Info/releases/1.13.X/skills/talents/Ogryn/README.md	ogryn_taunt_staggers_reduce_cooldown	Game Info/releases/1.13.X/skills/talents/Ogryn/ogryn_taunt_staggers_reduce_cooldown.md	4d553725e6ef7406d0c6c28961920c432dfca2dcc0488612af424e025f27d9bb	/darktide/skills/ogryn/go-again/	/darktide/skills/ogryn/go-again/mechanics/
current-talent	能力	ogryn_special_ammo_armor_pen	槍林彈雨	Hail of Fire	Game Info/releases/1.13.X/skills/talents/Ogryn/README.md	ogryn_special_ammo_armor_pen	Game Info/releases/1.13.X/skills/talents/Ogryn/ogryn_special_ammo_armor_pen.md	053cdc4be18f75b0330035c80c46317c62ae5d8eb8ba8abb2e9d51918c561516	/darktide/skills/ogryn/hail-of-fire/	/darktide/skills/ogryn/hail-of-fire/mechanics/
current-talent	能力	ogryn_special_ammo_fire_shots	集火射擊	Light 'em Up	Game Info/releases/1.13.X/skills/talents/Ogryn/README.md	ogryn_special_ammo_fire_shots	Game Info/releases/1.13.X/skills/talents/Ogryn/ogryn_special_ammo_fire_shots.md	124430357e2c63bdee4a8abe864bd5b515c969871e5fce8c052cf4f42f5d5dc3	/darktide/skills/ogryn/light-em-up/	/darktide/skills/ogryn/light-em-up/mechanics/
current-talent	能力	ogryn_taunt_damage_taken_increase	重要干擾	Valuable Distraction	Game Info/releases/1.13.X/skills/talents/Ogryn/README.md	ogryn_taunt_damage_taken_increase	Game Info/releases/1.13.X/skills/talents/Ogryn/ogryn_taunt_damage_taken_increase.md	109c39d88c1960f37703155f8079693c0ac1b0f91e46572ae78d7577581201db	/darktide/skills/ogryn/valuable-distraction/	/darktide/skills/ogryn/valuable-distraction/mechanics/
current-talent	能力	ogryn_ranged_stance_toughness_regen	壯膽子彈	Bullet Bravado	Game Info/releases/1.13.X/skills/talents/Ogryn/README.md	ogryn_ranged_stance_toughness_regen	Game Info/releases/1.13.X/skills/talents/Ogryn/ogryn_ranged_stance_toughness_regen.md	e7f02a57385ca5988a742d85393a58d99c1f18353990a52541ec7dd8b1d42a36	/darktide/skills/ogryn/bullet-bravado/	/darktide/skills/ogryn/bullet-bravado/mechanics/
current-talent	能力	ogryn_taunt_restore_toughness	一點都不痛！	No Pain!	Game Info/releases/1.13.X/skills/talents/Ogryn/README.md	ogryn_taunt_restore_toughness	Game Info/releases/1.13.X/skills/talents/Ogryn/ogryn_taunt_restore_toughness.md	779087394375182aad1c0161ab28434f99dbf1b1d1d1c95fdc3f4d4daa6a88a1	/darktide/skills/ogryn/no-pain/	/darktide/skills/ogryn/no-pain/mechanics/
current-talent	能力	ogryn_charge_trample	踐踏	Trample	Game Info/releases/1.13.X/skills/talents/Ogryn/README.md	ogryn_charge_trample	Game Info/releases/1.13.X/skills/talents/Ogryn/ogryn_charge_trample.md	ffaf1262bc74ff7fc626bd6402544450e82fa363eb18407d5fa19b22a0c9f9ed	/darktide/skills/ogryn/trample/	/darktide/skills/ogryn/trample/mechanics/
current-talent	鑰石	ogryn_leadbelcher_no_ammo_chance	爆限超載	Burst Limiter Override	Game Info/releases/1.13.X/skills/talents/Ogryn/README.md	ogryn_leadbelcher_no_ammo_chance	Game Info/releases/1.13.X/skills/talents/Ogryn/ogryn_leadbelcher_no_ammo_chance.md	eeac511d79d781d3fe84877da11274e12d6e8c54ef8fbdc6ba99ca377be19195	/darktide/skills/ogryn/burst-limiter-override/	/darktide/skills/ogryn/burst-limiter-override/mechanics/
current-talent	鑰石	ogryn_carapace_armor	麻木	Feel No Pain	Game Info/releases/1.13.X/skills/talents/Ogryn/README.md	ogryn_carapace_armor	Game Info/releases/1.13.X/skills/talents/Ogryn/ogryn_carapace_armor.md	930c667b85ed7939cc2ebe6e152a46b2c307249e021e6dc06d69261a784bda17	/darktide/skills/ogryn/feel-no-pain/	/darktide/skills/ogryn/feel-no-pain/mechanics/
current-talent	鑰石	ogryn_passive_heavy_hitter	重拳出擊	Heavy Hitter	Game Info/releases/1.13.X/skills/talents/Ogryn/README.md	ogryn_passive_heavy_hitter	Game Info/releases/1.13.X/skills/talents/Ogryn/ogryn_passive_heavy_hitter.md	bbb7c9666ba46799fe3fc897e7d02efaaae0269a6976817874135af45d6f5a42	/darktide/skills/ogryn/heavy-hitter/	/darktide/skills/ogryn/heavy-hitter/mechanics/
current-talent	鑰石	ogryn_carapace_armor_trigger_on_zero_stacks	痛楚爆發	Pained Outburst	Game Info/releases/1.13.X/skills/talents/Ogryn/README.md	ogryn_carapace_armor_trigger_on_zero_stacks	Game Info/releases/1.13.X/skills/talents/Ogryn/ogryn_carapace_armor_trigger_on_zero_stacks.md	2a8b41d5a6dff62b14e6a31a2b38f66717e8f544577beea23d31a12554004c86	/darktide/skills/ogryn/pained-outburst/	/darktide/skills/ogryn/pained-outburst/mechanics/
current-talent	鑰石	ogryn_carapace_armor_add_stack_on_push	最強壯！	Strongest!	Game Info/releases/1.13.X/skills/talents/Ogryn/README.md	ogryn_carapace_armor_add_stack_on_push	Game Info/releases/1.13.X/skills/talents/Ogryn/ogryn_carapace_armor_add_stack_on_push.md	cf3993854f84078c666a27dc256510001e409a1c68ad98064a65911f2b6439dd	/darktide/skills/ogryn/strongest/	/darktide/skills/ogryn/strongest/mechanics/
current-talent	鑰石	ogryn_carapace_armor_more_toughness	最堅韌！	Toughest!	Game Info/releases/1.13.X/skills/talents/Ogryn/README.md	ogryn_carapace_armor_more_toughness	Game Info/releases/1.13.X/skills/talents/Ogryn/ogryn_carapace_armor_more_toughness.md	536c708069c003bfda7661aab6e83f7fff5ff05be7abd932438dc2edf652bb54	/darktide/skills/ogryn/toughest/	/darktide/skills/ogryn/toughest/mechanics/
current-talent	鑰石	ogryn_leadbelcher_cooldown_reduction	最大火力	Maximum Firepower	Game Info/releases/1.13.X/skills/talents/Ogryn/README.md	ogryn_leadbelcher_cooldown_reduction	Game Info/releases/1.13.X/skills/talents/Ogryn/ogryn_leadbelcher_cooldown_reduction.md	64c820be826df6afe6639a34b9d9df8616043690d95de1a6b302b93d8be86e04	/darktide/skills/ogryn/maximum-firepower/	/darktide/skills/ogryn/maximum-firepower/mechanics/
current-talent	鑰石	ogryn_leadbelcher_crits	好槍法	Good Shootin'	Game Info/releases/1.13.X/skills/talents/Ogryn/README.md	ogryn_leadbelcher_crits	Game Info/releases/1.13.X/skills/talents/Ogryn/ogryn_leadbelcher_crits.md	42c761dfcc29c167431f911b4cb94f5528423b72808ee7bf0acfef6bac7ee17c	/darktide/skills/ogryn/good-shootin/	/darktide/skills/ogryn/good-shootin/mechanics/
current-talent	鑰石	ogryn_blo_ally_ranged_buffs	子彈風暴	Bulletstorm	Game Info/releases/1.13.X/skills/talents/Ogryn/README.md	ogryn_blo_ally_ranged_buffs	Game Info/releases/1.13.X/skills/talents/Ogryn/ogryn_blo_ally_ranged_buffs.md	c6f1016aedd9d4f909f9a624c0f0b470aa76dcd055a22bce9e29b72facfa392b	/darktide/skills/ogryn/bulletstorm/	/darktide/skills/ogryn/bulletstorm/mechanics/
current-talent	鑰石	ogryn_blo_wield_speed	激鬥戰火	Heat of Battle	Game Info/releases/1.13.X/skills/talents/Ogryn/README.md	ogryn_blo_wield_speed	Game Info/releases/1.13.X/skills/talents/Ogryn/ogryn_blo_wield_speed.md	caf1d6691991eb07279778273cd47cdd149d23482aef22d1d32016dfb097056b	/darktide/skills/ogryn/heat-of-battle/	/darktide/skills/ogryn/heat-of-battle/mechanics/
current-talent	鑰石	ogryn_blo_melee	退後！	Back Off!	Game Info/releases/1.13.X/skills/talents/Ogryn/README.md	ogryn_blo_melee	Game Info/releases/1.13.X/skills/talents/Ogryn/ogryn_blo_melee.md	10700d83ae8ca273cd167a80cde2c48c2641bae3bee932705f10e2ce233ea950	/darktide/skills/ogryn/back-off/	/darktide/skills/ogryn/back-off/mechanics/
current-talent	鑰石	ogryn_heavy_hitter_tdr	毫髮無傷	Don't Feel a Thing	Game Info/releases/1.13.X/skills/talents/Ogryn/README.md	ogryn_heavy_hitter_tdr	Game Info/releases/1.13.X/skills/talents/Ogryn/ogryn_heavy_hitter_tdr.md	2fe28a79f49ad14c393083bf33d40e4fb05f4189efa82147f5bae5eab91063bb	/darktide/skills/ogryn/dont-feel-a-thing/	/darktide/skills/ogryn/dont-feel-a-thing/mechanics/
current-talent	鑰石	ogryn_heavy_hitter_cleave	強力劈砍	Great Cleaver	Game Info/releases/1.13.X/skills/talents/Ogryn/README.md	ogryn_heavy_hitter_cleave	Game Info/releases/1.13.X/skills/talents/Ogryn/ogryn_heavy_hitter_cleave.md	a818f206b84a9cd1c6eb92d22d61a62eb2d723e0b46c4df24e3830e4220c8e7b	/darktide/skills/ogryn/great-cleaver/	/darktide/skills/ogryn/great-cleaver/mechanics/
current-talent	鑰石	ogryn_heavy_hitter_max_stacks_improves_toughness	越戰越勇	Unstoppable	Game Info/releases/1.13.X/skills/talents/Ogryn/README.md	ogryn_heavy_hitter_max_stacks_improves_toughness	Game Info/releases/1.13.X/skills/talents/Ogryn/ogryn_heavy_hitter_max_stacks_improves_toughness.md	3bf864d7003ba73455710dd1fb5c86a2ad957cba05a1632c6fb9d15185b73d16	/darktide/skills/ogryn/unstoppable/	/darktide/skills/ogryn/unstoppable/mechanics/
current-talent	鑰石	ogryn_heavy_hitter_stagger	震撼衝擊	Impactful	Game Info/releases/1.13.X/skills/talents/Ogryn/README.md	ogryn_heavy_hitter_stagger	Game Info/releases/1.13.X/skills/talents/Ogryn/ogryn_heavy_hitter_stagger.md	ecbb4f654bab4e3ea47cf9ba45053cb1b45951cd86db985838b3ba808dbff1db	/darktide/skills/ogryn/impactful/	/darktide/skills/ogryn/impactful/mechanics/
current-talent	鑰石	ogryn_heavy_hitter_max_stacks_improves_attack_speed	熱身完畢	Just Getting Started!	Game Info/releases/1.13.X/skills/talents/Ogryn/README.md	ogryn_heavy_hitter_max_stacks_improves_attack_speed	Game Info/releases/1.13.X/skills/talents/Ogryn/ogryn_heavy_hitter_max_stacks_improves_attack_speed.md	a8e857efb280b94dea1d054b85b6227d1176b276a884f569a065c245242f35a3	/darktide/skills/ogryn/just-getting-started/	/darktide/skills/ogryn/just-getting-started/mechanics/
current-talent	技能	ogryn_multi_heavy_toughness	最好的防禦	The Best Defence	Game Info/releases/1.13.X/skills/talents/Ogryn/README.md	ogryn_multi_heavy_toughness	Game Info/releases/1.13.X/skills/talents/Ogryn/ogryn_multi_heavy_toughness.md	d611181e38697987d5cfb804eadb35499edd3e7e6880c2f690da0933cd558d2c	/darktide/skills/ogryn/the-best-defence/	/darktide/skills/ogryn/the-best-defence/mechanics/
current-talent	技能	ogryn_single_heavy_toughness	碾碎它們！	Smash 'Em!	Game Info/releases/1.13.X/skills/talents/Ogryn/README.md	ogryn_single_heavy_toughness	Game Info/releases/1.13.X/skills/talents/Ogryn/ogryn_single_heavy_toughness.md	79efde4d32b70193c89aa5b3ff1967963f749f7aae93c31c179c1a99d37c0896	/darktide/skills/ogryn/smash-em/	/darktide/skills/ogryn/smash-em/mechanics/
current-talent	技能	ogryn_increased_coherency_toughness	關鍵人物	Lynchpin	Game Info/releases/1.13.X/skills/talents/Ogryn/README.md	ogryn_increased_coherency_toughness	Game Info/releases/1.13.X/skills/talents/Ogryn/ogryn_increased_coherency_toughness.md	c513c296d315403592f0d283feedf7f57a795a0394ff339afe9c2d847233c3fb	/darktide/skills/ogryn/lynchpin/	/darktide/skills/ogryn/lynchpin/mechanics/
current-talent	技能	ogryn_reload_speed_on_empty	射不停	Keep Shooting	Game Info/releases/1.13.X/skills/talents/Ogryn/README.md	ogryn_reload_speed_on_empty	Game Info/releases/1.13.X/skills/talents/Ogryn/ogryn_reload_speed_on_empty.md	48f2c1b4c2b7e0e24092a92a0c715a4792dcbdc2f6e2d8ab9c1f2fbb03857aa3	/darktide/skills/ogryn/keep-shooting/	/darktide/skills/ogryn/keep-shooting/mechanics/
current-talent	技能	ogryn_more_hits_more_damage	怒不可遏	Furious	Game Info/releases/1.13.X/skills/talents/Ogryn/README.md	ogryn_more_hits_more_damage	Game Info/releases/1.13.X/skills/talents/Ogryn/ogryn_more_hits_more_damage.md	9a9364f8d84eea8c6aa946667f24ada50c99e55be3845f683ceaee9d9374fc11	/darktide/skills/ogryn/furious/	/darktide/skills/ogryn/furious/mechanics/
current-talent	技能	ogryn_ogryn_killer	重量級	Heavyweight	Game Info/releases/1.13.X/skills/talents/Ogryn/README.md	ogryn_ogryn_killer	Game Info/releases/1.13.X/skills/talents/Ogryn/ogryn_ogryn_killer.md	0a90fab6bd572c88915e6f45093cc2d6a21b54c36282acc7f7a07e571c25d3b3	/darktide/skills/ogryn/heavyweight/	/darktide/skills/ogryn/heavyweight/mechanics/
current-talent	技能	ogryn_melee_stagger	猛擊	Slam	Game Info/releases/1.13.X/skills/talents/Ogryn/README.md	ogryn_melee_stagger	Game Info/releases/1.13.X/skills/talents/Ogryn/ogryn_melee_stagger.md	b6ff575b5ab85f7c2553541a6d5f6c4c85348ec498824759dcf2229269798703	/darktide/skills/ogryn/slam/	/darktide/skills/ogryn/slam/mechanics/
current-talent	技能	ogryn_targets_recieve_damage_taken_increase_debuff	削弱敵人	Soften Them Up	Game Info/releases/1.13.X/skills/talents/Ogryn/README.md	ogryn_targets_recieve_damage_taken_increase_debuff	Game Info/releases/1.13.X/skills/talents/Ogryn/ogryn_targets_recieve_damage_taken_increase_debuff.md	a66cafd08226fc44a8c00516e9f0e1e436ffb3eddc777323e62dad31bfeae5a2	/darktide/skills/ogryn/soften-them-up/	/darktide/skills/ogryn/soften-them-up/mechanics/
current-talent	技能	ogryn_toughness_on_low_health	堅韌不屈	Too Stubborn to Die	Game Info/releases/1.13.X/skills/talents/Ogryn/README.md	ogryn_toughness_on_low_health	Game Info/releases/1.13.X/skills/talents/Ogryn/ogryn_toughness_on_low_health.md	58bbb25b2de40798dd32b880869d9d4f30da68a66726261e2a1a38e23f4e5dc9	/darktide/skills/ogryn/too-stubborn-to-die/	/darktide/skills/ogryn/too-stubborn-to-die/mechanics/
current-talent	技能	ogryn_heavy_bleeds	重毆	Batter	Game Info/releases/1.13.X/skills/talents/Ogryn/README.md	ogryn_heavy_bleeds	Game Info/releases/1.13.X/skills/talents/Ogryn/ogryn_heavy_bleeds.md	4b52e4075420d3f561b8e5b1ab057c654087b195cbff9f3f9f1cf4ead85036b8	/darktide/skills/ogryn/batter/	/darktide/skills/ogryn/batter/mechanics/
current-talent	技能	ogryn_staggering_increases_damage	沉重打擊	Hard Knocks	Game Info/releases/1.13.X/skills/talents/Ogryn/README.md	ogryn_staggering_increases_damage	Game Info/releases/1.13.X/skills/talents/Ogryn/ogryn_staggering_increases_damage.md	1df24b2ace0e31dae356dfe501a600501807b535062656555c9335f071a8c0c2	/darktide/skills/ogryn/hard-knocks/	/darktide/skills/ogryn/hard-knocks/mechanics/
current-talent	技能	ogryn_movement_speed_after_ranged_kills	勢不可擋	Unstoppable Momentum	Game Info/releases/1.13.X/skills/talents/Ogryn/README.md	ogryn_movement_speed_after_ranged_kills	Game Info/releases/1.13.X/skills/talents/Ogryn/ogryn_movement_speed_after_ranged_kills.md	ba8cfdf477d11c7c8338c3584a54e60e7bff57b5e9cf8e7907a769d9ab87a7a0	/darktide/skills/ogryn/unstoppable-momentum/	/darktide/skills/ogryn/unstoppable-momentum/mechanics/
current-talent	技能	ogryn_increased_ammo_reserve	彈藥儲存包	Ammo Stash	Game Info/releases/1.13.X/skills/talents/Ogryn/README.md	ogryn_increased_ammo_reserve	Game Info/releases/1.13.X/skills/talents/Ogryn/ogryn_increased_ammo_reserve.md	d27fb7cc1ddfeba2a7761d7881b6a35f253a394754176f44f419b4876db1e300	/darktide/skills/ogryn/ammo-stash/	/darktide/skills/ogryn/ammo-stash/mechanics/
current-talent	技能	ogryn_multi_hits_grant_reload_speed	領跑者	Pacemaker	Game Info/releases/1.13.X/skills/talents/Ogryn/README.md	ogryn_multi_hits_grant_reload_speed	Game Info/releases/1.13.X/skills/talents/Ogryn/ogryn_multi_hits_grant_reload_speed.md	d18da7fb0757f5945b5495ff13c959416c06a9f570fd515fd48bf2c98976be23	/darktide/skills/ogryn/pacemaker/	/darktide/skills/ogryn/pacemaker/mechanics/
current-talent	技能	ogryn_free_reload_after_ability	發現更多	Found Some More	Game Info/releases/1.13.X/skills/talents/Ogryn/README.md	ogryn_free_reload_after_ability	Game Info/releases/1.13.X/skills/talents/Ogryn/ogryn_free_reload_after_ability.md	c926883ab8407e061b9b525b8f6abe57ae94068207742db971e7e48f27dfbff6	/darktide/skills/ogryn/found-some-more/	/darktide/skills/ogryn/found-some-more/mechanics/
current-talent	技能	ogryn_knocked_allies_grant_damage_reduction	絕不屈服	Won't Give In	Game Info/releases/1.13.X/skills/talents/Ogryn/README.md	ogryn_knocked_allies_grant_damage_reduction	Game Info/releases/1.13.X/skills/talents/Ogryn/ogryn_knocked_allies_grant_damage_reduction.md	ee21f3a7ac293de011c72e1e830833ef15f52ff4a980a2c3eb9dad5975220222	/darktide/skills/ogryn/wont-give-in/	/darktide/skills/ogryn/wont-give-in/mechanics/
current-talent	技能	ogryn_fully_charged_attacks_gain_damage_and_stagger	嘎嘎！	Crunch!	Game Info/releases/1.13.X/skills/talents/Ogryn/README.md	ogryn_fully_charged_attacks_gain_damage_and_stagger	Game Info/releases/1.13.X/skills/talents/Ogryn/ogryn_fully_charged_attacks_gain_damage_and_stagger.md	7f0eb6defcf64e5a198cd078e24db25e358b6483f82229ab3ceb60a3b8657405	/darktide/skills/ogryn/crunch/	/darktide/skills/ogryn/crunch/mechanics/
current-talent	技能	ogryn_nearby_bleeds_reduce_damage_taken	毀滅之樂	Delight in Destruction	Game Info/releases/1.13.X/skills/talents/Ogryn/README.md	ogryn_nearby_bleeds_reduce_damage_taken	Game Info/releases/1.13.X/skills/talents/Ogryn/ogryn_nearby_bleeds_reduce_damage_taken.md	edc22ae973d5fd7b3cf19051fea73366c6cad8c034b245204ea13b681016d761	/darktide/skills/ogryn/delight-in-destruction/	/darktide/skills/ogryn/delight-in-destruction/mechanics/
current-talent	技能	base_toughness_damage_reduction_node_buff_medium_1	韌性減傷	Toughness Damage Reduction	Game Info/releases/1.13.X/skills/talents/Ogryn/README.md	base_toughness_damage_reduction_node_buff_medium_1	Game Info/releases/1.13.X/skills/talents/Ogryn/base_toughness_damage_reduction_node_buff_medium_1.md	3f82d5af1da23d8fe6446f0b582fd2b84f145b353ac26e031bac4242699a80c9	/darktide/skills/ogryn/toughness-damage-reduction/	/darktide/skills/ogryn/toughness-damage-reduction/mechanics/
current-talent	技能	ogryn_damage_taken_by_all_increases_strength_tdr	相親相愛好夥伴！	No Hurting Friends!	Game Info/releases/1.13.X/skills/talents/Ogryn/README.md	ogryn_damage_taken_by_all_increases_strength_tdr	Game Info/releases/1.13.X/skills/talents/Ogryn/ogryn_damage_taken_by_all_increases_strength_tdr.md	6cad8b651756fcfb7c0146c22ccafc7f6afd6b4bc2f4c819be42e65a92f90756	/darktide/skills/ogryn/no-hurting-friends/	/darktide/skills/ogryn/no-hurting-friends/mechanics/
current-talent	技能	ogryn_ally_movement_boost_on_ability	全神貫注	Get Stuck In	Game Info/releases/1.13.X/skills/talents/Ogryn/README.md	ogryn_ally_movement_boost_on_ability	Game Info/releases/1.13.X/skills/talents/Ogryn/ogryn_ally_movement_boost_on_ability.md	1a4bd899412f07b30b00e489e9d08ce7a19be306ef8f69f16b3dbc47126cf404	/darktide/skills/ogryn/get-stuck-in/	/darktide/skills/ogryn/get-stuck-in/mechanics/
current-talent	技能	ogryn_windup_reduces_damage_taken	利刃出鞘	Implacable	Game Info/releases/1.13.X/skills/talents/Ogryn/README.md	ogryn_windup_reduces_damage_taken	Game Info/releases/1.13.X/skills/talents/Ogryn/ogryn_windup_reduces_damage_taken.md	6db3fd9a4242fc584d6979b2713d8b5f7a26bd35414e4f8c6513158b5518f3c9	/darktide/skills/ogryn/implacable/	/darktide/skills/ogryn/implacable/mechanics/
current-talent	技能	ogryn_windup_is_uninterruptible	誰敢攔我！	No Stopping Me!	Game Info/releases/1.13.X/skills/talents/Ogryn/README.md	ogryn_windup_is_uninterruptible	Game Info/releases/1.13.X/skills/talents/Ogryn/ogryn_windup_is_uninterruptible.md	0214830ae6cdfe6b6d4c0675a2dcb3d636b766237fed43b46aac045a520a3bf5	/darktide/skills/ogryn/no-stopping-me/	/darktide/skills/ogryn/no-stopping-me/mechanics/
current-talent	技能	ogryn_kills_grant_crit_chance	屠殺	Massacre	Game Info/releases/1.13.X/skills/talents/Ogryn/README.md	ogryn_kills_grant_crit_chance	Game Info/releases/1.13.X/skills/talents/Ogryn/ogryn_kills_grant_crit_chance.md	b5870339b751071df0c0b6516f6a988b717e7845c0f587f850acd142ef099ec6	/darktide/skills/ogryn/massacre/	/darktide/skills/ogryn/massacre/mechanics/
current-talent	技能	ogryn_revenge_damage	報復時間	Payback Time	Game Info/releases/1.13.X/skills/talents/Ogryn/README.md	ogryn_revenge_damage	Game Info/releases/1.13.X/skills/talents/Ogryn/ogryn_revenge_damage.md	c0da7cc664cdcdc0ca5bed2d8fad763d70c479cf9a6569cb44160bbb23549b1d	/darktide/skills/ogryn/payback-time/	/darktide/skills/ogryn/payback-time/mechanics/
current-talent	技能	ogryn_rending_on_elite_kills	主宰	Dominate	Game Info/releases/1.13.X/skills/talents/Ogryn/README.md	ogryn_rending_on_elite_kills	Game Info/releases/1.13.X/skills/talents/Ogryn/ogryn_rending_on_elite_kills.md	7f1d1863e31fe9ad02d972c2862142a691d9222183f22cf7c7e106b59e52bcf3	/darktide/skills/ogryn/dominate/	/darktide/skills/ogryn/dominate/mechanics/
current-talent	技能	ogryn_reloading_grants_damage	換彈完畢	Reloaded and Ready	Game Info/releases/1.13.X/skills/talents/Ogryn/README.md	ogryn_reloading_grants_damage	Game Info/releases/1.13.X/skills/talents/Ogryn/ogryn_reloading_grants_damage.md	44acb20e0c678639bdc486acb068f3c8cafb4f229f6673fadaeca9402e1a7c04	/darktide/skills/ogryn/reloaded-and-ready/	/darktide/skills/ogryn/reloaded-and-ready/mechanics/
current-talent	技能	ogryn_increase_explosion_radius	大爆炸	Big Boom	Game Info/releases/1.13.X/skills/talents/Ogryn/README.md	ogryn_increase_explosion_radius	Game Info/releases/1.13.X/skills/talents/Ogryn/ogryn_increase_explosion_radius.md	c7c7cdd624df0a584e6cae71b92447252404d2f248c1991891e8e7d14040c6ff	/darktide/skills/ogryn/big-boom/	/darktide/skills/ogryn/big-boom/mechanics/
current-talent	技能	ogryn_blocking_reduces_push_cost	睚眥必報	No Pushover	Game Info/releases/1.13.X/skills/talents/Ogryn/README.md	ogryn_blocking_reduces_push_cost	Game Info/releases/1.13.X/skills/talents/Ogryn/ogryn_blocking_reduces_push_cost.md	f06db0cf59ec7d7caf68216ee3b3a5cb2c43eb8742ed47e6186e2195b60e5bcf	/darktide/skills/ogryn/no-pushover/	/darktide/skills/ogryn/no-pushover/mechanics/
current-talent	技能	ogryn_blocking_ranged_taunts	渴求關注	Attention Seeker	Game Info/releases/1.13.X/skills/talents/Ogryn/README.md	ogryn_blocking_ranged_taunts	Game Info/releases/1.13.X/skills/talents/Ogryn/ogryn_blocking_ranged_taunts.md	1705d6ab2ed15b7163fe8ee9069cdf669f3d2a93d7784dc1dbadd28fe3647f94	/darktide/skills/ogryn/attention-seeker/	/darktide/skills/ogryn/attention-seeker/mechanics/
current-talent	技能	ogryn_protect_allies	為了小子們	For the Lil'Uns	Game Info/releases/1.13.X/skills/talents/Ogryn/README.md	ogryn_protect_allies	Game Info/releases/1.13.X/skills/talents/Ogryn/ogryn_protect_allies.md	0a413b7a3adb9736c8f5e559af5cf569dc2dd79bb530899869af345b498b4b1a	/darktide/skills/ogryn/for-the-liluns/	/darktide/skills/ogryn/for-the-liluns/mechanics/
current-talent	技能	ogryn_corruption_resistance	頭腦簡單	Simple Minded	Game Info/releases/1.13.X/skills/talents/Ogryn/README.md	ogryn_corruption_resistance	Game Info/releases/1.13.X/skills/talents/Ogryn/ogryn_corruption_resistance.md	063aa25abee71a8e848bb366cb799f3006c72f6a6b771600c7b80b7df56622fc	/darktide/skills/ogryn/simple-minded/	/darktide/skills/ogryn/simple-minded/mechanics/
current-talent	技能	ogryn_melee_attacks_give_mtdr	專注鬥士	Focused Fighter	Game Info/releases/1.13.X/skills/talents/Ogryn/README.md	ogryn_melee_attacks_give_mtdr	Game Info/releases/1.13.X/skills/talents/Ogryn/ogryn_melee_attacks_give_mtdr.md	6f1e072c32d619e3b4aadcbdeac33729f8d841bc0b1b8767d086ef2d1cd87b5b	/darktide/skills/ogryn/focused-fighter/	/darktide/skills/ogryn/focused-fighter/mechanics/
current-talent	技能	ogryn_pushing_applies_brittleness	蠻橫之力	Brutish Strength	Game Info/releases/1.13.X/skills/talents/Ogryn/README.md	ogryn_pushing_applies_brittleness	Game Info/releases/1.13.X/skills/talents/Ogryn/ogryn_pushing_applies_brittleness.md	bf8854d472008aa47c4f46517b6ce38aaf96de80242a17b6761e2c52317c0061	/darktide/skills/ogryn/brutish-strength/	/darktide/skills/ogryn/brutish-strength/mechanics/
current-talent	技能	ogryn_explosions_burn	火力全開	Fire Away	Game Info/releases/1.13.X/skills/talents/Ogryn/README.md	ogryn_explosions_burn	Game Info/releases/1.13.X/skills/talents/Ogryn/ogryn_explosions_burn.md	aa54787727e4610d2618a7a9f2f7d4482ce09256becd2e53b90a6d0f2ec41828	/darktide/skills/ogryn/fire-away/	/darktide/skills/ogryn/fire-away/mechanics/
current-talent	技能	ogryn_block_all_attacks	堅不可摧	Unbreakable	Game Info/releases/1.13.X/skills/talents/Ogryn/README.md	ogryn_block_all_attacks	Game Info/releases/1.13.X/skills/talents/Ogryn/ogryn_block_all_attacks.md	21df3d9b7ced5c321b790a3dba4539441fbe9ec102f186d1705b23422d319632	/darktide/skills/ogryn/unbreakable/	/darktide/skills/ogryn/unbreakable/mechanics/
current-talent	技能	ogryn_damage_reduction_on_high_stamina	士氣高昂	Pumped Up	Game Info/releases/1.13.X/skills/talents/Ogryn/README.md	ogryn_damage_reduction_on_high_stamina	Game Info/releases/1.13.X/skills/talents/Ogryn/ogryn_damage_reduction_on_high_stamina.md	41fb8f8c81364706c1bf85a1a55c65409dc7cedb66c2c7efb2cc928d1ec7346c	/darktide/skills/ogryn/pumped-up/	/darktide/skills/ogryn/pumped-up/mechanics/
current-talent	技能	ogryn_crit_damage_increase	好運連連	Lucky Streak	Game Info/releases/1.13.X/skills/talents/Ogryn/README.md	ogryn_crit_damage_increase	Game Info/releases/1.13.X/skills/talents/Ogryn/ogryn_crit_damage_increase.md	e2877c524fe10536fa740d95d9780dc215c0ce8a38e091da04a575734cf4a426	/darktide/skills/ogryn/lucky-streak/	/darktide/skills/ogryn/lucky-streak/mechanics/
current-talent	技能	ogryn_stacking_attack_speed	狂暴猛擊	Frenzied Blows	Game Info/releases/1.13.X/skills/talents/Ogryn/README.md	ogryn_stacking_attack_speed	Game Info/releases/1.13.X/skills/talents/Ogryn/ogryn_stacking_attack_speed.md	277320d8b8400c7ba34909750b92bbb76f34b2081fec714529e555a48e6f9d31	/darktide/skills/ogryn/frenzied-blows/	/darktide/skills/ogryn/frenzied-blows/mechanics/
current-talent	技能	ogryn_melee_damage_after_heavy	擊潰他們	Beat Them Back	Game Info/releases/1.13.X/skills/talents/Ogryn/README.md	ogryn_melee_damage_after_heavy	Game Info/releases/1.13.X/skills/talents/Ogryn/ogryn_melee_damage_after_heavy.md	9b3bdb01d9423d8a6eed56b66c413340cb29d93ffbe0fa040375226a032c44b4	/darktide/skills/ogryn/beat-them-back/	/darktide/skills/ogryn/beat-them-back/mechanics/
current-talent	技能	ogryn_drain_stamina_for_handling	專注	Concentrate	Game Info/releases/1.13.X/skills/talents/Ogryn/README.md	ogryn_drain_stamina_for_handling	Game Info/releases/1.13.X/skills/talents/Ogryn/ogryn_drain_stamina_for_handling.md	ebfe2aed63a8990d88df7f264642279110baa392952dba4d933b1fe61dc4066f	/darktide/skills/ogryn/concentrate/	/darktide/skills/ogryn/concentrate/mechanics/
current-talent	技能	ogryn_damage_reduction_after_elite_kill	大肌肌	Strongman	Game Info/releases/1.13.X/skills/talents/Ogryn/README.md	ogryn_damage_reduction_after_elite_kill	Game Info/releases/1.13.X/skills/talents/Ogryn/ogryn_damage_reduction_after_elite_kill.md	5b0076652697598428f5d70396a49dbafa8733f81e2dfc3f78a9764f78001f0a	/darktide/skills/ogryn/strongman/	/darktide/skills/ogryn/strongman/mechanics/
current-talent	技能	ogryn_toughness_while_bracing	穩定握持	Steady Grip	Game Info/releases/1.13.X/skills/talents/Ogryn/README.md	ogryn_toughness_while_bracing	Game Info/releases/1.13.X/skills/talents/Ogryn/ogryn_toughness_while_bracing.md	f1c1fbe4f1cb841c7f692213a9d0715c040eab9fee49f78406f786734d6dae1c	/darktide/skills/ogryn/steady-grip/	/darktide/skills/ogryn/steady-grip/mechanics/
current-talent	技能	ogryn_ranged_damage_immunity	休想再打中我......	Can't Hit Me...Again	Game Info/releases/1.13.X/skills/talents/Ogryn/README.md	ogryn_ranged_damage_immunity	Game Info/releases/1.13.X/skills/talents/Ogryn/ogryn_ranged_damage_immunity.md	390ca6b08715c31fff189c7dd3c8fa002420ae612e16ce2cbbb58a0450ebe6e9	/darktide/skills/ogryn/cant-hit-me-again/	/darktide/skills/ogryn/cant-hit-me-again/mechanics/
current-talent	技能	ogryn_wield_speed_increase	熟能生巧	Dedicated Practice	Game Info/releases/1.13.X/skills/talents/Ogryn/README.md	ogryn_wield_speed_increase	Game Info/releases/1.13.X/skills/talents/Ogryn/ogryn_wield_speed_increase.md	d4570878738d74a3346537d23f4fdd40aa03b563b0489b1ba9f799679fe63fa8	/darktide/skills/ogryn/dedicated-practice/	/darktide/skills/ogryn/dedicated-practice/mechanics/
current-talent	技能	ogryn_ranged_improves_melee	射盡殺戮	Spray and Slay	Game Info/releases/1.13.X/skills/talents/Ogryn/README.md	ogryn_ranged_improves_melee	Game Info/releases/1.13.X/skills/talents/Ogryn/ogryn_ranged_improves_melee.md	dc14d55bf9350f9712798a50e1fc79868ab7cd0d2f66f869a15d832b74659923	/darktide/skills/ogryn/spray-and-slay/	/darktide/skills/ogryn/spray-and-slay/mechanics/
current-talent	技能	ogryn_melee_improves_ranged	猛砸爆裂	Bash and Blast	Game Info/releases/1.13.X/skills/talents/Ogryn/README.md	ogryn_melee_improves_ranged	Game Info/releases/1.13.X/skills/talents/Ogryn/ogryn_melee_improves_ranged.md	c336dfdcaa671ad688b2ef3fcc23a496b75184af237879a8b8607d673154eb6c	/darktide/skills/ogryn/bash-and-blast/	/darktide/skills/ogryn/bash-and-blast/mechanics/
current-talent	技能	ogryn_ally_elite_kills_grant_cooldown	格鬥兵	Bruiser	Game Info/releases/1.13.X/skills/talents/Ogryn/README.md	ogryn_ally_elite_kills_grant_cooldown	Game Info/releases/1.13.X/skills/talents/Ogryn/ogryn_ally_elite_kills_grant_cooldown.md	2d62cb297a69d0a0b8a572a6f6ddba8f5ab3cfedaf3af750368200c9bf459c19	/darktide/skills/ogryn/bruiser/	/darktide/skills/ogryn/bruiser/mechanics/
current-talent	技能	ogryn_weakspot_damage	精準打擊	Strike True	Game Info/releases/1.13.X/skills/talents/Ogryn/README.md	ogryn_weakspot_damage	Game Info/releases/1.13.X/skills/talents/Ogryn/ogryn_weakspot_damage.md	577359667cd844037e82f45c14efa1222bac6472c0afe3218e16bd3f34a3bfde	/darktide/skills/ogryn/strike-true/	/darktide/skills/ogryn/strike-true/mechanics/
current-talent	技能	ogryn_bracing_reduces_damage_taken	機動部署	Mobile Emplacement	Game Info/releases/1.13.X/skills/talents/Ogryn/README.md	ogryn_bracing_reduces_damage_taken	Game Info/releases/1.13.X/skills/talents/Ogryn/ogryn_bracing_reduces_damage_taken.md	796d2f6fe6d55cf8322aec236e2c88d9b6ff2262e6b9af28fef50fa73a20facd	/darktide/skills/ogryn/mobile-emplacement/	/darktide/skills/ogryn/mobile-emplacement/mechanics/
base-effect	基礎效果	ogryn_base_tank_passive	基礎減傷與閃避防護		Game Info/releases/1.13.X/skills/talents/Ogryn/BASE_EFFECTS.md	基礎減傷與閃避防護	Game Info/releases/1.13.X/skills/talents/Ogryn/ogryn_base_tank_passive.md	e7511b69716d9b4922872231a5e9ec58b995564921cd6ee5a9764a016aacf681	/darktide/skills/ogryn/ogryn-base-tank-passive/	/darktide/skills/ogryn/ogryn-base-tank-passive/mechanics/
base-effect	基礎效果	ogryn_charge	蠻牛衝撞	Bull Rush	Game Info/releases/1.13.X/skills/talents/Ogryn/BASE_EFFECTS.md	蠻牛衝撞bull-rush	Game Info/releases/1.13.X/skills/talents/Ogryn/ogryn_charge.md	e848c25e97a7c57c07667b62261b79b32aee240f30a77c0d4481b2fceab099c9	/darktide/skills/ogryn/bull-rush/	/darktide/skills/ogryn/bull-rush/mechanics/
base-effect	基礎效果	ogryn_coherency_radius_increase	卓越氣場	Towering Presence	Game Info/releases/1.13.X/skills/talents/Ogryn/BASE_EFFECTS.md	卓越氣場towering-presence	Game Info/releases/1.13.X/skills/talents/Ogryn/ogryn_coherency_radius_increase.md	40e9435b8057c09e7d5d468da5402377b1504b3c2d303700ca0f7e84c8e449d8	/darktide/skills/ogryn/towering-presence/	/darktide/skills/ogryn/towering-presence/mechanics/
base-effect	基礎效果	ogryn_dodge_stagger	閃避撞擊		Game Info/releases/1.13.X/skills/talents/Ogryn/BASE_EFFECTS.md	閃避撞擊	Game Info/releases/1.13.X/skills/talents/Ogryn/ogryn_dodge_stagger.md	22284b60759b21612f1415e9c799c5ca5acfc7ad533093ed2ceafc507baa2391	/darktide/skills/ogryn/ogryn-dodge-stagger/	/darktide/skills/ogryn/ogryn-dodge-stagger/mechanics/
base-effect	基礎效果	ogryn_grenade_box	巨量傷害盒	Big Box of Hurt	Game Info/releases/1.13.X/skills/talents/Ogryn/BASE_EFFECTS.md	巨量傷害盒big-box-of-hurt	Game Info/releases/1.13.X/skills/talents/Ogryn/ogryn_grenade_box.md	5c82e7295bd04dc5b9e81ca376626d61d5397876656dee0d27721f53460af496	/darktide/skills/ogryn/big-box-of-hurt/	/darktide/skills/ogryn/big-box-of-hurt/mechanics/
base-effect	基礎效果	ogryn_helping_hand	救援時不可打斷		Game Info/releases/1.13.X/skills/talents/Ogryn/BASE_EFFECTS.md	救援時不可打斷	Game Info/releases/1.13.X/skills/talents/Ogryn/ogryn_helping_hand.md	d6da052bc7d35ba32d26ace5f3c6d424c97514f6aa37864fceec9468f60fc299	/darktide/skills/ogryn/ogryn-helping-hand/	/darktide/skills/ogryn/ogryn-helping-hand/mechanics/
base-effect	基礎效果	ogryn_melee_damage_coherency	威嚇氣場	Intimidating Presence	Game Info/releases/1.13.X/skills/talents/Ogryn/BASE_EFFECTS.md	威嚇氣場intimidating-presence	Game Info/releases/1.13.X/skills/talents/Ogryn/ogryn_melee_damage_coherency.md	b78b81afc5b28c0aca16176ff2816dc2eb8d1892e42b8b5848817023ba39f9ec	/darktide/skills/ogryn/intimidating-presence/	/darktide/skills/ogryn/intimidating-presence/mechanics/
